<!--
  ~ Copyright 2013. AppDynamics LLC and its affiliates.
  ~ All Rights Reserved.
  ~ This is unpublished proprietary source code of AppDynamics LLC and its affiliates.
  ~ The copyright notice above does not evidence any actual or intended publication of such source code.
  -->

<monitor>
        <name>VMWareMonitor</name>
        <type>managed</type>
        <description>VMWare Monitor</description>
        <monitor-configuration></monitor-configuration>
        <monitor-run-task>
                <execution-style>periodic</execution-style>
                <execution-frequency-in-seconds>60</execution-frequency-in-seconds>
                <name>VMWare Monitor Run Task</name>
                <display-name>VMWare Monitor Task</display-name>
                <description>VMWare Monitor Task</description>
                <type>java</type>
                <execution-timeout-in-secs>60</execution-timeout-in-secs>
                <task-arguments>
                        <argument name="config-file" is-required="true" default-value="monitors/VMWareMonitor/config.yml" />
                        <argument name="metric-file" is-required="true" default-value="monitors/VMWareMonitor/metrics.xml"/>
                </task-arguments>
                <java-task>
                    <classpath>vsphere-monitoring-extension.jar</classpath>
                    <impl-class>com.appdynamics.monitors.VMWare.VMWareMonitor</impl-class>
                </java-task>
        </monitor-run-task>
</monitor>